[
  {
    "id": "25d6c97a-8d3a-48cf-96d3-acca9b092244",
    "data": [
      {
        "text": "ничего не делай",
        "userDefined": false
      }
    ],
    "isTemplate": false,
    "count": 0,
    "updated": 1528261725
  },
  {
    "id": "ef6066a8-648b-4bb8-b1ca-609eade3738e",
    "data": [
      {
        "text": "не имеет значения",
        "userDefined": false
      }
    ],
    "isTemplate": false,
    "count": 0,
    "updated": 1528261725
  },
  {
    "id": "5dfe8af2-4c38-4769-a7e4-3c95bcb31c38",
    "data": [
      {
        "text": "отмена",
        "userDefined": false
      }
    ],
    "isTemplate": false,
    "count": 0,
    "updated": 1528261725
  },
  {
    "id": "6e4764c8-422f-426a-89ae-8d5d25c7c00b",
    "data": [
      {
        "text": "забудь об этом",
        "userDefined": false
      }
    ],
    "isTemplate": false,
    "count": 0,
    "updated": 1528261725
  },
  {
    "id": "a0db22f5-f547-406a-a4ba-afbe9b16c488",
    "data": [
      {
        "text": "прекрати",
        "userDefined": false
      }
    ],
    "isTemplate": false,
    "count": 0,
    "updated": 1528261725
  },
  {
    "id": "3862d88e-dcd1-4c7b-b6dd-b4eabbc20a78",
    "data": [
      {
        "text": "пропустить",
        "userDefined": false
      }
    ],
    "isTemplate": false,
    "count": 0,
    "updated": 1528261725
  },
  {
    "id": "2e4657a6-82fc-4281-a9ac-13b1f957ae38",
    "data": [
      {
        "text": "стоп",
        "userDefined": false
      }
    ],
    "isTemplate": false,
    "count": 0,
    "updated": 1528261725
  },
  {
    "id": "0235344d-4769-450c-aab2-2cc49d88aaa8",
    "data": [
      {
        "text": "скрыть",
        "userDefined": false
      }
    ],
    "isTemplate": false,
    "count": 0,
    "updated": 1528261725
  },
  {
    "id": "11a80d49-7af5-45aa-be13-a4b8f22e6db2",
    "data": [
      {
        "text": "отмени это",
        "userDefined": false
      }
    ],
    "isTemplate": false,
    "count": 0,
    "updated": 1528261725
  },
  {
    "id": "6cac5767-4fc4-44cc-a48a-82cc4c3c0490",
    "data": [
      {
        "text": "просто забудь об этом",
        "userDefined": false
      }
    ],
    "isTemplate": false,
    "count": 0,
    "updated": 1528261725
  }
]