[
  {
    "id": "e445eae0-5a4b-4529-8b90-49386f15c607",
    "data": [
      {
        "text": "условия",
        "userDefined": false
      }
    ],
    "isTemplate": false,
    "count": 0,
    "updated": 1539080781
  },
  {
    "id": "36859f78-d902-4981-b6aa-7495c966e9c0",
    "data": [
      {
        "text": "еще",
        "userDefined": false
      }
    ],
    "isTemplate": false,
    "count": 0,
    "updated": 1539080781
  },
  {
    "id": "6aa3572a-17dc-4085-ba60-f9410b4eab15",
    "data": [
      {
        "text": "подробнее",
        "userDefined": false
      }
    ],
    "isTemplate": false,
    "count": 0,
    "updated": 1539080781
  },
  {
    "id": "5be0fb50-27e2-4832-a49e-f1f90a2ab185",
    "data": [
      {
        "text": "адрес",
        "userDefined": false
      }
    ],
    "isTemplate": false,
    "count": 0,
    "updated": 1539080781
  },
  {
    "id": "7dcb1f75-19f2-4401-ace3-054973c0d586",
    "data": [
      {
        "text": "ну",
        "userDefined": false
      }
    ],
    "isTemplate": false,
    "count": 0,
    "updated": 1539080781
  },
  {
    "id": "7d50b779-0cc2-4e68-b077-4139e96eabfb",
    "data": [
      {
        "text": "угу",
        "userDefined": false
      }
    ],
    "isTemplate": false,
    "count": 0,
    "updated": 1539080781
  },
  {
    "id": "9876b336-586f-46a6-8fde-60babca2f8c1",
    "data": [
      {
        "text": "ага",
        "userDefined": false
      }
    ],
    "isTemplate": false,
    "count": 0,
    "updated": 1539080781
  },
  {
    "id": "8713aeb5-e11a-4459-bd3a-84b59225cd26",
    "data": [
      {
        "text": "конечно",
        "userDefined": false
      }
    ],
    "isTemplate": false,
    "count": 0,
    "updated": 1539080781
  },
  {
    "id": "4b3b3775-5828-4f6d-b642-e9bc7abda4cd",
    "data": [
      {
        "text": "интересно",
        "userDefined": false
      }
    ],
    "isTemplate": false,
    "count": 0,
    "updated": 1539080781
  },
  {
    "id": "7340bb51-3e35-446a-9ea0-c1781451e8af",
    "data": [
      {
        "text": "готов",
        "userDefined": false
      }
    ],
    "isTemplate": false,
    "count": 0,
    "updated": 1539080781
  },
  {
    "id": "2b9e04b6-3067-4840-9abc-0d5a947569b3",
    "data": [
      {
        "text": "думаю что да",
        "userDefined": false
      }
    ],
    "isTemplate": false,
    "count": 0,
    "updated": 1539080781
  },
  {
    "id": "9ca8a4f5-97a5-4331-b37c-7df45222124f",
    "data": [
      {
        "text": "скорее да",
        "userDefined": false
      }
    ],
    "isTemplate": false,
    "count": 0,
    "updated": 1539080781
  },
  {
    "id": "f251eb4c-b8b2-45c2-b0bd-8672616a8285",
    "data": [
      {
        "text": "еще бы",
        "userDefined": false
      }
    ],
    "isTemplate": false,
    "count": 0,
    "updated": 1539080781
  },
  {
    "id": "faa6e7f2-6119-4287-a13e-ee433a036a5a",
    "data": [
      {
        "text": "ну конечно",
        "userDefined": false
      }
    ],
    "isTemplate": false,
    "count": 0,
    "updated": 1539080781
  },
  {
    "id": "5ea4af2b-18a6-4fcf-ba44-cf1f4016dee3",
    "data": [
      {
        "text": "да неплохо",
        "userDefined": false
      }
    ],
    "isTemplate": false,
    "count": 0,
    "updated": 1539080781
  },
  {
    "id": "0f203c6c-8fb2-4d08-bc0b-ba5dab1e323d",
    "data": [
      {
        "text": "очень",
        "userDefined": false
      }
    ],
    "isTemplate": false,
    "count": 1,
    "updated": 1539080781
  },
  {
    "id": "427a58ef-d269-4564-ba1e-c0c83671359f",
    "data": [
      {
        "text": "я согласен",
        "userDefined": false
      }
    ],
    "isTemplate": false,
    "count": 0,
    "updated": 1539080781
  },
  {
    "id": "7f2e7b5c-a7c7-47ec-85e7-e8fdf4a00e54",
    "data": [
      {
        "text": "да",
        "userDefined": false
      }
    ],
    "isTemplate": false,
    "count": 0,
    "updated": 1539080781
  },
  {
    "id": "0ba47064-0396-4b9a-962a-ea63aa3d5453",
    "data": [
      {
        "text": "не возражаю",
        "userDefined": false
      }
    ],
    "isTemplate": false,
    "count": 0,
    "updated": 1539080781
  },
  {
    "id": "8e1db553-b5e3-4add-bd3f-f32eae5f63bb",
    "data": [
      {
        "text": "разумеется",
        "userDefined": false
      }
    ],
    "isTemplate": false,
    "count": 0,
    "updated": 1539080781
  },
  {
    "id": "cc509649-3fa7-41cb-a6dd-8f59efe9abbe",
    "data": [
      {
        "text": "точно",
        "userDefined": false
      }
    ],
    "isTemplate": false,
    "count": 0,
    "updated": 1528273093
  },
  {
    "id": "067e8043-3576-4b8f-b5d4-49cf611de1b1",
    "data": [
      {
        "text": "подтверждаю",
        "userDefined": false
      }
    ],
    "isTemplate": false,
    "count": 1,
    "updated": 1528273093
  },
  {
    "id": "9fa7a573-2d69-47dc-a0f9-6221da306a9a",
    "data": [
      {
        "text": "это верно",
        "userDefined": false
      }
    ],
    "isTemplate": false,
    "count": 0,
    "updated": 1528273093
  }
]