[
  {
    "id": "a64a3506-712a-4d4c-bc36-8656759a52c7",
    "data": [
      {
        "text": "День добрый",
        "userDefined": false
      }
    ],
    "isTemplate": false,
    "count": 0,
    "updated": 1539085073
  },
  {
    "id": "4e6479e7-296f-4172-a8fe-907d77e887e8",
    "data": [
      {
        "text": "Добрый ",
        "userDefined": false
      },
      {
        "text": "вечер",
        "alias": "time-period",
        "meta": "@sys.time-period",
        "userDefined": false
      }
    ],
    "isTemplate": false,
    "count": 0,
    "updated": 1539085073
  },
  {
    "id": "6cd1e42a-8b65-43cb-811b-7acc38ee6637",
    "data": [
      {
        "text": "Доброе",
        "alias": "geo-city",
        "meta": "@sys.geo-city",
        "userDefined": false
      },
      {
        "text": " ",
        "userDefined": false
      },
      {
        "text": "утро",
        "alias": "time-period",
        "meta": "@sys.time-period",
        "userDefined": false
      }
    ],
    "isTemplate": false,
    "count": 0,
    "updated": 1539085073
  },
  {
    "id": "f26ee758-0e03-4dc9-af3f-f08844b09fee",
    "data": [
      {
        "text": "добрый ",
        "userDefined": false
      },
      {
        "text": "день",
        "alias": "date",
        "meta": "@sys.date",
        "userDefined": false
      }
    ],
    "isTemplate": false,
    "count": 0,
    "updated": 1539085073
  },
  {
    "id": "f19dbf2e-66b7-4d54-b583-cd7b1d00f9df",
    "data": [
      {
        "text": "Слушаю",
        "userDefined": false
      }
    ],
    "isTemplate": false,
    "count": 0,
    "updated": 1539084676
  },
  {
    "id": "ea0f2ceb-b6ba-46a5-bec3-87950d20da46",
    "data": [
      {
        "text": "да",
        "userDefined": false
      }
    ],
    "isTemplate": false,
    "count": 1,
    "updated": 1539085073
  },
  {
    "id": "2d381b63-3422-4cd3-a7a1-0eef99c3215d",
    "data": [
      {
        "text": "Привет",
        "userDefined": false
      }
    ],
    "isTemplate": false,
    "count": 0,
    "updated": 1539084676
  },
  {
    "id": "e23a751f-f96a-41c6-93a1-c497efbc423e",
    "data": [
      {
        "text": "Здрасте",
        "userDefined": false
      }
    ],
    "isTemplate": false,
    "count": 0,
    "updated": 1539084676
  },
  {
    "id": "f2b474c0-d96c-43a9-a559-1f20802d8c09",
    "data": [
      {
        "text": "Здравствуйте",
        "userDefined": false
      }
    ],
    "isTemplate": false,
    "count": 0,
    "updated": 1539084676
  }
]