[
  {
    "id": "d32e4182-3507-47a4-b7a8-6acd6c0d5eba",
    "data": [
      {
        "text": "мне не удобно",
        "userDefined": false
      }
    ],
    "isTemplate": false,
    "count": 0,
    "updated": 1539080952
  },
  {
    "id": "ac05d4f8-f36a-471a-945a-effe5a4b021b",
    "data": [
      {
        "text": "перезвоните",
        "userDefined": false
      }
    ],
    "isTemplate": false,
    "count": 0,
    "updated": 1539080952
  },
  {
    "id": "fb29bb98-2f10-4cd2-b99c-da1d4d7a80e4",
    "data": [
      {
        "text": "позже",
        "userDefined": false
      }
    ],
    "isTemplate": false,
    "count": 0,
    "updated": 1539080952
  },
  {
    "id": "26b97704-47b2-4eb0-a071-edd721b4fb10",
    "data": [
      {
        "text": "думаю что нет",
        "userDefined": false
      }
    ],
    "isTemplate": false,
    "count": 0,
    "updated": 1528274183
  },
  {
    "id": "bb408213-0c14-4504-a26c-acc1668f5583",
    "data": [
      {
        "text": "неа",
        "userDefined": false
      }
    ],
    "isTemplate": false,
    "count": 0,
    "updated": 1528274183
  },
  {
    "id": "21945ba7-c68f-41b5-ae63-90326789aaab",
    "data": [
      {
        "text": "не совсем",
        "userDefined": false
      }
    ],
    "isTemplate": false,
    "count": 0,
    "updated": 1528273233
  },
  {
    "id": "dc2b0374-9495-418f-8afd-5c0ca86147e7",
    "data": [
      {
        "text": "не очень",
        "userDefined": false
      }
    ],
    "isTemplate": false,
    "count": 0,
    "updated": 1528273233
  },
  {
    "id": "249736ca-bafa-4b14-a69b-af8bbc49a44a",
    "data": [
      {
        "text": "мне не интересно",
        "userDefined": false
      }
    ],
    "isTemplate": false,
    "count": 0,
    "updated": 1528273233
  },
  {
    "id": "54428786-fbbc-4d9f-a426-adab29b1243c",
    "data": [
      {
        "text": "не стоит",
        "userDefined": false
      }
    ],
    "isTemplate": false,
    "count": 0,
    "updated": 1528273233
  },
  {
    "id": "475f311e-747c-4acf-897e-bf6e1b7f0678",
    "data": [
      {
        "text": "спасибо не нужно",
        "userDefined": false
      }
    ],
    "isTemplate": false,
    "count": 0,
    "updated": 1528273233
  },
  {
    "id": "c08700d9-0812-46cc-8b9f-fa062cba526e",
    "data": [
      {
        "text": "спасибо нет",
        "userDefined": false
      }
    ],
    "isTemplate": false,
    "count": 0,
    "updated": 1528273233
  },
  {
    "id": "257fcc67-7765-4b83-9136-fbe4e3abd807",
    "data": [
      {
        "text": "нет",
        "userDefined": false
      }
    ],
    "isTemplate": false,
    "count": 0,
    "updated": 1528273233
  },
  {
    "id": "9c8f1242-6871-483d-8fdf-ca48e250ab47",
    "data": [
      {
        "text": "не думаю",
        "userDefined": false
      }
    ],
    "isTemplate": false,
    "count": 0,
    "updated": 1528273233
  },
  {
    "id": "2dd973d9-ea0e-4506-901d-64fdabffd4f4",
    "data": [
      {
        "text": "не согласен",
        "userDefined": false
      }
    ],
    "isTemplate": false,
    "count": 0,
    "updated": 1528273233
  },
  {
    "id": "4dff855a-1e25-4895-82f5-81ee5eb0a6fd",
    "data": [
      {
        "text": "не интересует",
        "userDefined": false
      }
    ],
    "isTemplate": false,
    "count": 0,
    "updated": 1528273233
  },
  {
    "id": "bef86f00-5d70-47a2-b702-f479874072f1",
    "data": [
      {
        "text": "определенно нет",
        "userDefined": false
      }
    ],
    "isTemplate": false,
    "count": 0,
    "updated": 1528273233
  },
  {
    "id": "d075e94d-5695-4538-a08f-999145a20c9a",
    "data": [
      {
        "text": "да нет",
        "userDefined": false
      }
    ],
    "isTemplate": false,
    "count": 0,
    "updated": 1497433473
  }
]